{
    "RMSE": 34.69882171531837,
    "MAE": 10.656495126705657,
    "R2": -0.035463531556886974
}