{
    "RMSE": 41.732529629938405,
    "MAE": 13.206356820486501,
    "R2": -0.49780326760410465
}