{
    "RMSE": 33.116270003017426,
    "MAE": 14.714731974809311,
    "R2": 0.05683390017713874
}